id,day,score,timestamp,contributors.deep_sleep,contributors.efficiency,contributors.latency,contributors.rem_sleep,contributors.restfulness,contributors.timing,contributors.total_sleep,awake_time,deep_sleep_duration,light_sleep_duration,rem_sleep_duration,total_sleep_duration
37239d0f-0c8b-4686-b90a-86f8c65d6898,2025-01-01,71,2025-01-01T00:00:00.000+00:00,98,58,64,95,42,40,84,9191,6810,13200,5850,25860
946ba7b6-f0d6-4db3-b253-7ebf8e106fe0,2025-01-02,91,2025-01-02T00:00:00.000+00:00,97,95,89,95,84,98,89,901,30,30,0,60
8dcabb5c-b19c-4952-804f-7283f573291d,2025-01-03,96,2025-01-03T00:00:00.000+00:00,96,95,91,97,88,100,97,1985,3450,16230,7170,26850
fa77dc3c-25ce-42cd-9af2-63392c11e53c,2025-01-04,89,2025-01-04T00:00:00.000+00:00,96,97,72,86,89,94,87,1558,4710,14730,5190,24630
8cdd7d7e-cf81-4930-b9c5-e8b0d329bdc1,2025-01-05,87,2025-01-05T00:00:00.000+00:00,96,97,78,61,83,100,90,2509,4860,18450,3840,27150
6e072e97-9bed-4d17-94b6-522794313ad1,2025-01-06,83,2025-01-06T00:00:00.000+00:00,96,100,72,58,81,100,80,1830,0,60,0,60
9c429043-8a9f-4210-974a-08d5a8abed62,2025-01-07,86,2025-01-07T00:00:00.000+00:00,82,98,70,98,84,100,81,1350,60,360,0,420
1ec37b79-0aa6-496a-88e5-de41f717a7cb,2025-01-08,84,2025-01-08T00:00:00.000+00:00,98,96,70,71,81,100,81,2578,6480,14100,4440,25020
04f45b60-5177-4197-9e23-f424541272b3,2025-01-09,85,2025-01-09T00:00:00.000+00:00,98,98,67,71,89,100,82,1795,7050,13800,4410,25260
4ffdf4fc-9f3a-45e9-afaa-0bcdeaa59135,2025-01-10,92,2025-01-10T00:00:00.000+00:00,96,99,86,97,97,100,86,1830,0,840,0,840
46a39a0c-62ca-46fb-b31c-a942fafc7348,2025-01-11,92,2025-01-11T00:00:00.000+00:00,97,100,70,98,91,100,90,1082,5850,13980,7410,27240
d22f31b8-1d06-401c-84bb-06e46bfaeaac,2025-01-12,91,2025-01-12T00:00:00.000+00:00,97,100,81,97,87,100,88,1146,5970,13680,6930,26580
66502128-c1d5-4d08-9dbb-bf952f1b41f9,2025-01-13,82,2025-01-13T00:00:00.000+00:00,91,95,67,78,71,100,82,2682,3750,16740,4860,25350
05781a3b-1211-4bc3-99b4-88a36f49c9f1,2025-01-14,86,2025-01-14T00:00:00.000+00:00,96,100,72,95,88,100,76,896,5070,12780,6150,24000
8bc8b895-68da-4e00-aa58-b4f4b026d4c7,2025-01-15,88,2025-01-15T00:00:00.000+00:00,96,100,78,95,90,100,79,1290,30,690,0,720
3be7b2f3-5a82-491a-b280-0878d7676550,2025-01-16,86,2025-01-16T00:00:00.000+00:00,97,100,72,96,86,100,77,2011,60,480,0,540
46c55694-5c34-4a0b-bd22-bb2092fefffc,2025-01-17,91,2025-01-17T00:00:00.000+00:00,97,100,89,95,87,100,84,1310,6240,13410,6150,25800
e17fe63a-f9be-4633-b65e-6648daa47099,2025-01-18,94,2025-01-18T00:00:00.000+00:00,98,100,81,97,97,100,91,1589,6960,13320,7080,27360
f7cd516c-9440-4f1a-b1f0-85fb500058d4,2025-01-19,91,2025-01-19T00:00:00.000+00:00,96,99,91,95,91,100,85,661,0,840,0,840
af6eb146-db97-4da7-b87d-dabffd2bccac,2025-01-20,91,2025-01-20T00:00:00.000+00:00,96,100,72,96,87,100,91,1145,5250,15510,6510,27270
61b74b0f-c2e5-4e77-8b24-fd256892ae31,2025-01-21,88,2025-01-21T00:00:00.000+00:00,96,100,72,96,87,100,81,1200,5280,13140,6720,25140
b7f2ac9a-4d39-4a3e-8980-c27240789235,2025-01-22,86,2025-01-22T00:00:00.000+00:00,97,100,64,90,84,100,82,1230,90,1800,0,1890
c0cc4fab-9ba7-45b3-ab1b-60334b3c77be,2025-01-23,92,2025-01-23T00:00:00.000+00:00,95,100,94,96,99,100,81,1080,0,630,0,630
4e2a4aa3-d467-4ea7-b592-4c9637012bc3,2025-01-24,84,2025-01-24T00:00:00.000+00:00,96,96,78,94,91,100,68,2161,5130,11100,5820,22050
38499189-b1eb-4cb5-9566-798c169b911b,2025-01-25,89,2025-01-25T00:00:00.000+00:00,96,98,75,95,88,100,84,2575,0,840,0,840
864c4fa8-5c7d-4bb3-81ef-45b66f22d4f5,2025-01-26,85,2025-01-26T00:00:00.000+00:00,98,99,70,84,88,100,77,1630,6870,12090,5190,24150
4655ccc5-8c8b-455c-8197-3a580bf86ccc,2025-01-27,88,2025-01-27T00:00:00.000+00:00,95,96,97,96,75,100,81,2640,60,0,0,60
da86dfa7-048e-4a9a-a3fd-84239067c980,2025-01-29,90,2025-01-29T00:00:00.000+00:00,97,99,86,95,83,100,84,1503,5520,14100,6090,25710
0898897e-ccb1-4c83-aae8-bd69b25e829f,2025-01-30,89,2025-01-30T00:00:00.000+00:00,99,100,64,93,89,100,85,1417,7620,12720,5760,26100
d12aab91-9b8b-4279-98f1-4bf81d193b5f,2025-01-31,79,2025-01-31T00:00:00.000+00:00,96,93,83,62,81,100,66,2797,5430,12270,3900,21600
b09e2192-bd68-4eaf-84dc-abffca358a86,2025-02-01,88,2025-02-01T00:00:00.000+00:00,99,93,67,75,75,95,96,871,0,750,0,750
1d8b573b-f0de-46b4-a896-a37e8cf35105,2025-02-02,91,2025-02-02T00:00:00.000+00:00,95,93,86,98,86,100,87,991,150,450,0,600
33868f65-9090-47cd-9318-f8cda1339164,2025-02-03,90,2025-02-03T00:00:00.000+00:00,96,98,83,96,90,100,84,1839,5340,13890,6420,25650
038bdb6f-297c-4b97-b95f-6c4b0ca537a7,2025-02-04,89,2025-02-04T00:00:00.000+00:00,98,100,78,95,89,100,81,870,60,780,0,840
8062c280-52b3-4d2a-a5a6-f1c149bac9bc,2025-02-05,88,2025-02-05T00:00:00.000+00:00,98,97,72,97,80,100,85,1290,0,810,0,810
6aeaa97f-df4d-4519-a892-05e4272c739e,2025-02-06,90,2025-02-06T00:00:00.000+00:00,72,98,91,96,89,100,89,2101,3000,17550,6300,26850
29f2171e-9e67-44a8-9891-65c502a780b9,2025-02-07,93,2025-02-07T00:00:00.000+00:00,97,96,72,96,88,99,96,1748,4470,15030,6330,25830
49e83d84-93cd-434e-9d8f-49c05e859231,2025-02-08,81,2025-02-08T00:00:00.000+00:00,96,100,75,71,84,100,68,1207,4620,13020,4440,22080
54d26802-a743-4e77-a452-10de0b404652,2025-02-09,90,2025-02-09T00:00:00.000+00:00,96,99,81,98,89,99,85,1783,5250,12780,7950,25980
c3cfa7c5-d386-41d0-b11d-9dda7cd25f97,2025-02-10,86,2025-02-10T00:00:00.000+00:00,95,98,64,82,80,100,85,870,330,360,0,690
c2584cc6-47ec-469e-8d6e-fae07a6d88b3,2025-02-11,86,2025-02-11T00:00:00.000+00:00,98,100,72,64,90,100,84,1140,0,60,0,60
66f66c96-878a-4441-ac53-fd2d9dde0f0b,2025-02-12,80,2025-02-12T00:00:00.000+00:00,97,90,72,69,72,100,75,2790,540,2670,0,3210
a1a055db-1434-44ac-bb0e-468bb6335644,2025-02-13,88,2025-02-13T00:00:00.000+00:00,96,98,94,86,86,100,78,1861,60,900,0,960
71e879be-2fdd-45bf-9fc4-33b3f4381514,2025-02-14,90,2025-02-14T00:00:00.000+00:00,97,99,86,93,87,100,84,1640,5520,14550,5760,25830
f2aa0cf2-6ec6-4c4f-a6cb-7eb2c2536beb,2025-02-15,88,2025-02-15T00:00:00.000+00:00,96,96,97,81,77,100,85,2514,5430,15480,5010,25920
9a075559-51ba-471a-95a2-6637dd8d7129,2025-02-16,94,2025-02-16T00:00:00.000+00:00,95,99,78,99,92,100,95,1954,4200,15810,8370,28380
482b8f52-579e-4cae-af8d-e4c79400c26d,2025-02-17,84,2025-02-17T00:00:00.000+00:00,88,98,67,76,83,100,83,1958,3660,17040,4710,25410
cfaf5372-5445-4861-9843-b521f3846284,2025-02-18,78,2025-02-18T00:00:00.000+00:00,98,83,86,87,50,100,73,1050,0,600,0,600
e3c5d369-631c-4f63-bb4a-d61f16509042,2025-02-19,84,2025-02-19T00:00:00.000+00:00,97,95,97,90,72,100,71,4051,0,3330,660,3990
29c66ead-b7d1-4a54-93bd-e8c2f8a380a7,2025-02-20,87,2025-02-20T00:00:00.000+00:00,97,98,89,99,70,100,81,2041,210,210,0,420
ee82a88c-e34c-4cac-b46b-b7b6589361f3,2025-02-21,86,2025-02-21T00:00:00.000+00:00,96,95,72,96,96,100,74,810,30,390,0,420
32c68e04-b371-4c70-8668-2a995d34185f,2025-02-22,95,2025-02-22T00:00:00.000+00:00,99,100,91,97,94,100,93,1511,8220,12480,7170,27870
d7277cf0-6fcb-4d42-a0a3-b4590bcd2451,2025-02-23,91,2025-02-23T00:00:00.000+00:00,98,96,81,95,84,100,90,2793,6720,14460,5850,27030
3d18dc25-b4e0-4fac-b3d2-71047df58805,2025-02-24,90,2025-02-24T00:00:00.000+00:00,95,97,97,96,80,100,83,1021,0,420,0,420
43609ff1-db89-485c-8769-c4d5572c7a8b,2025-02-25,90,2025-02-25T00:00:00.000+00:00,96,100,83,96,90,100,82,1680,150,570,0,720
7b89ea6c-f04f-4ba9-96de-7eaf201dd5fd,2025-02-26,92,2025-02-26T00:00:00.000+00:00,97,100,70,98,83,100,94,1344,6060,14370,7710,28140
78d8d4f2-b693-4d9f-a524-80ec018a08d3,2025-02-27,86,2025-02-27T00:00:00.000+00:00,96,100,64,97,89,100,76,869,4740,12270,6930,23940
ab804e56-9653-4dc5-8715-4a80169a3747,2025-02-28,89,2025-02-28T00:00:00.000+00:00,96,96,72,85,92,100,83,1618,5460,13530,5280,24270
014ed8a8-71f5-40c0-9859-9b99a4b58863,2025-03-01,94,2025-03-01T00:00:00.000+00:00,95,97,78,97,92,100,96,2353,4140,17400,7260,28800
83abf245-02d1-46be-8816-d24cebc3f20e,2025-03-02,85,2025-03-02T00:00:00.000+00:00,97,97,67,56,84,96,87,1539,5550,15360,3480,24390
26056795-a391-483c-9cfd-8bf359745266,2025-03-03,90,2025-03-03T00:00:00.000+00:00,95,97,89,97,83,100,85,1620,0,510,0,510
26a52ba2-a5ac-4f30-88ca-8ba439219024,2025-03-04,85,2025-03-04T00:00:00.000+00:00,97,98,78,73,78,100,81,2790,60,960,0,1020
4a55f35e-6ec8-40f8-b17c-9181cca402e1,2025-03-05,87,2025-03-05T00:00:00.000+00:00,96,98,75,96,80,100,82,1887,4980,13920,6420,25320
fca04d80-5000-437a-9cd1-f9b2cde19387,2025-03-06,83,2025-03-06T00:00:00.000+00:00,96,97,67,85,89,100,71,1912,4860,12660,5250,22770
34712846-cb8c-448f-a3ae-8e794f0c49d6,2025-03-07,85,2025-03-07T00:00:00.000+00:00,97,97,81,95,84,100,74,1801,0,450,0,450
7a0a11ef-5379-489b-ac06-05262da6a454,2025-03-08,89,2025-03-08T00:00:00.000+00:00,97,97,78,96,81,100,85,720,0,600,0,600
45063ace-3cbd-4312-aaaf-9814387f26c1,2025-03-09,91,2025-03-09T00:00:00.000+00:00,97,97,97,88,84,100,88,2285,6000,15180,5430,26610
3d81f4d1-6f86-47da-aa51-4a19feedb2f4,2025-03-10,88,2025-03-10T00:00:00.000+00:00,95,95,94,83,93,100,78,1140,0,60,0,60
a6af75be-6a92-468b-9774-7fa369910b34,2025-03-11,86,2025-03-11T00:00:00.000+00:00,96,96,67,84,83,100,82,1560,4380,13620,5220,23220
487e316b-73f9-463f-9c72-b7438331905c,2025-03-12,87,2025-03-12T00:00:00.000+00:00,97,98,78,89,83,100,81,871,0,720,0,720
4db616a0-349f-45ea-ba0f-7ba3630955c6,2025-03-13,85,2025-03-13T00:00:00.000+00:00,98,95,67,68,78,96,87,1350,60,840,0,900
91f23aa9-65b4-4105-a802-05e247c94581,2025-03-14,87,2025-03-14T00:00:00.000+00:00,95,96,83,95,81,100,79,2440,4350,14280,5880,24510
84e65fb1-0bb2-4b19-baf0-a9b7747401d2,2025-03-15,89,2025-03-15T00:00:00.000+00:00,96,96,67,96,83,83,91,1141,0,390,0,390
b68825ec-eed7-4e18-8a43-0753a914b30c,2025-03-16,90,2025-03-16T00:00:00.000+00:00,97,86,99,97,62,100,92,1710,60,810,0,870
7d2a8c45-c411-4937-a0f1-9aabb0d65c4d,2025-03-17,86,2025-03-17T00:00:00.000+00:00,97,97,67,96,78,100,81,1290,30,600,0,630
a13bcbc7-5b8a-4c11-9b8b-65ad8f878fe8,2025-03-18,82,2025-03-18T00:00:00.000+00:00,97,96,70,82,70,100,76,2260,5580,13110,5100,23790
ff984ae8-e1b6-4f43-8912-627e7ea5e22b,2025-03-19,84,2025-03-19T00:00:00.000+00:00,96,99,72,65,81,100,81,1521,4680,16350,4050,25080
0bc7dabe-e065-4d7a-959b-4adeeb694399,2025-03-20,89,2025-03-20T00:00:00.000+00:00,96,100,67,94,81,100,88,1365,5010,15780,5790,26580
3c91e4df-cd0f-424e-9060-2d863573fe47,2025-03-21,86,2025-03-21T00:00:00.000+00:00,98,97,78,81,74,100,83,1110,120,240,0,360
38beaa51-2d2e-4e21-9bfc-5a53bbcdb3ad,2025-03-22,86,2025-03-22T00:00:00.000+00:00,96,96,75,82,79,100,83,2496,4890,15630,5100,25620
5dbb98e8-887c-4991-8c98-dd44e352bc6b,2025-03-23,74,2025-03-23T00:00:00.000+00:00,97,81,72,96,47,70,72,4450,5580,10650,6750,22980
adbd55b7-2c60-4768-8e27-b4d3c7140574,2025-03-24,90,2025-03-24T00:00:00.000+00:00,97,96,91,95,86,100,84,2591,5700,13890,6180,25770
707bef26-8979-4e50-a851-74dc95a4e51e,2025-03-25,83,2025-03-25T00:00:00.000+00:00,96,90,81,96,65,100,78,3458,4530,13080,6660,24270
cf81d726-7ea5-49b1-bb0d-aa6c8aada489,2025-03-26,56,2025-03-26T00:00:00.000+00:00,80,22,75,43,65,100,40,12317,3360,9420,2670,15450
5b892336-8326-41c8-aa0a-ea7f704c3f8e,2025-03-27,87,2025-03-27T00:00:00.000+00:00,96,97,67,99,79,100,83,2237,4620,12210,8580,25410
7a77c1b4-a531-4814-b865-1f881f296526,2025-03-29,85,2025-03-29T00:00:00.000+00:00,98,72,67,96,68,75,97,990,150,270,0,420
6d08a957-7884-4312-bbbc-6952776fbbbe,2025-03-30,77,2025-03-30T00:00:00.000+00:00,96,62,23,95,63,89,88,8252,5190,15330,6120,26640
163b635d-7f76-4d30-8222-dc7d14c06af3,2025-03-31,87,2025-03-31T00:00:00.000+00:00,96,96,81,95,70,100,85,2641,4920,15270,5850,26040
a94f8689-a4c9-4011-b4a8-b89707b178c7,2025-04-01,90,2025-04-01T00:00:00.000+00:00,97,99,89,97,89,100,80,1710,0,150,0,150
8b99db91-ec56-4ab8-80f7-f9dc90aa8285,2025-04-02,89,2025-04-02T00:00:00.000+00:00,98,99,72,95,93,100,83,1740,0,330,0,330
00944df2-7f4d-4754-bddd-d3a7880e30da,2025-04-03,85,2025-04-03T00:00:00.000+00:00,97,100,67,96,76,100,79,981,5850,12030,6600,24480
6e03331b-8d78-4c17-a45a-b35da21b5a84,2025-04-04,85,2025-04-04T00:00:00.000+00:00,97,96,70,97,87,100,75,2340,6180,10590,6930,23700
8faab0d4-ecb6-4137-879a-12eec787f10c,2025-04-05,88,2025-04-05T00:00:00.000+00:00,96,97,78,96,78,93,87,2447,5250,14880,6300,26430
4b2bb3c3-a097-4ed1-adaa-db8dcd1355f5,2025-04-06,70,2025-04-06T00:00:00.000+00:00,96,46,70,86,36,90,73,10433,4950,12840,5340,23130
de6a3f7d-f9e5-4a91-90af-9a8a1dbb7f80,2025-04-07,88,2025-04-07T00:00:00.000+00:00,96,98,86,85,88,100,82,1774,4590,15330,5280,25200
13023ee3-8e0e-4762-b8aa-602752812536,2025-04-08,86,2025-04-08T00:00:00.000+00:00,96,98,97,90,72,100,78,1963,5010,13710,5550,24270
2501c977-cfed-4f4e-852d-06129aae460a,2025-04-09,87,2025-04-09T00:00:00.000+00:00,96,100,70,89,93,100,78,1194,5460,13440,5520,24420
22914969-5e15-49bb-8f90-f8afb9588a8b,2025-04-10,88,2025-04-10T00:00:00.000+00:00,96,96,78,97,91,100,79,2537,5250,12510,6810,24570
ad1323d6-c658-4a69-b1fc-0fa3680631ee,2025-04-11,85,2025-04-11T00:00:00.000+00:00,83,99,70,96,77,100,81,1529,3480,15360,6240,25080
dd7507ab-1eaf-4982-8418-240ecaf7407d,2025-04-12,90,2025-04-12T00:00:00.000+00:00,97,96,78,98,84,100,87,870,0,60,0,60
50314e69-777f-4505-b350-f617f30cb6c6,2025-04-13,86,2025-04-13T00:00:00.000+00:00,97,90,64,95,87,100,81,3293,5940,13200,5910,25050
71c35f6d-f024-42e6-9498-a99667216e74,2025-04-14,90,2025-04-14T00:00:00.000+00:00,95,95,78,96,96,99,85,1411,0,690,0,690
f28ecffb-3ce2-48c3-bad8-4f12e686a0a2,2025-04-15,88,2025-04-15T00:00:00.000+00:00,95,97,70,88,83,100,87,2454,4440,16620,5430,26490
9c6e33e6-a6a6-455e-b3e6-eb3317db57ae,2025-04-16,92,2025-04-16T00:00:00.000+00:00,96,99,72,97,79,100,96,1752,5310,16680,7110,29100
9d988521-4b7c-437f-a0b9-715643e04106,2025-04-17,94,2025-04-17T00:00:00.000+00:00,96,96,91,98,80,99,97,1725,4830,14880,7920,27630
03cbdbae-d776-4f15-88e3-0dfa469fb069,2025-04-18,82,2025-04-18T00:00:00.000+00:00,96,67,19,87,70,100,97,6738,4080,17790,5280,27150
96d582cc-5095-43c9-98d7-333a187aba36,2025-04-19,94,2025-04-19T00:00:00.000+00:00,96,99,94,99,78,100,96,1982,5130,15840,8070,29040
364b8418-6343-4cc6-8f18-8e4dd70ed481,2025-04-20,85,2025-04-20T00:00:00.000+00:00,45,97,81,96,66,100,95,2482,1920,19830,6720,28470
8f52218f-7c75-4eb9-8a16-0169d2eb4568,2025-04-21,90,2025-04-21T00:00:00.000+00:00,95,99,70,91,86,100,90,750,0,540,0,540
4e264136-534a-41c6-b8bd-25de40b2f3f7,2025-04-22,83,2025-04-22T00:00:00.000+00:00,96,95,67,87,82,100,75,720,60,810,0,870
aa15221e-4b10-410c-b903-898ad9fac2dd,2025-04-23,88,2025-04-23T00:00:00.000+00:00,98,100,75,92,89,100,80,1410,0,30,0,30
529b5f8e-7334-49eb-896e-d4a85fae970c,2025-04-24,88,2025-04-24T00:00:00.000+00:00,96,100,70,97,92,100,80,930,0,540,0,540
b2769d7d-ca1f-4e81-bdee-b3dfe78e36bf,2025-04-25,85,2025-04-25T00:00:00.000+00:00,83,100,64,96,93,100,77,1231,150,90,0,240
7d12e8ee-1fd7-4e64-8efc-2122929e35dc,2025-04-26,86,2025-04-26T00:00:00.000+00:00,96,97,67,98,81,100,81,2139,4620,12780,7590,24990
d435f070-6a3e-4554-ba7a-1e3ebf25ecd7,2025-04-27,84,2025-04-27T00:00:00.000+00:00,96,74,78,93,75,94,83,811,120,630,60,810
4c612944-d85b-4164-81ac-30e3803bb60a,2025-04-28,85,2025-04-28T00:00:00.000+00:00,98,98,64,75,79,100,84,1802,6750,14280,4650,25680
85c8b61a-fd8a-46d3-8ac9-843ad0803e42,2025-04-29,87,2025-04-29T00:00:00.000+00:00,97,100,67,94,84,100,83,1473,5730,13860,5820,25410
ccd7ec0d-8b79-4515-aedc-8bbf906b8c92,2025-04-30,81,2025-04-30T00:00:00.000+00:00,78,86,78,80,84,100,75,3750,3240,15450,4980,23670
04d31733-8203-4be5-a279-234ade1da2e0,2025-05-01,85,2025-05-01T00:00:00.000+00:00,96,100,70,67,87,100,81,1185,4770,15990,4200,24960
7f7633f6-9b1c-45f2-8379-857485fa443f,2025-05-02,81,2025-05-02T00:00:00.000+00:00,96,95,91,65,74,100,73,2620,4800,14400,4080,23280
f08e1547-f2ca-4d38-a66a-63eb2f3c82fb,2025-05-05,80,2025-05-05T00:00:00.000+00:00,95,88,97,87,57,100,70,1201,420,1230,0,1650
eab43031-b3ec-4f90-827c-8ee0c386abd4,2025-05-06,90,2025-05-06T00:00:00.000+00:00,97,98,78,95,86,100,87,1200,0,810,0,810
aba5a4f3-ada3-46bd-aaa4-895ba97d6ed6,2025-05-07,91,2025-05-07T00:00:00.000+00:00,97,96,91,96,92,100,85,2453,5490,14070,6420,25980
1b917e14-8f8e-4b33-bd86-468ad6d218ba,2025-05-08,88,2025-05-08T00:00:00.000+00:00,97,99,75,95,88,100,80,930,90,690,0,780
7b064edf-f9f7-497b-8b52-24fc5255a2c5,2025-05-09,84,2025-05-09T00:00:00.000+00:00,97,97,67,96,70,100,79,1591,0,600,0,600
9200db96-21a5-4211-9d15-8094547edd69,2025-05-10,88,2025-05-10T00:00:00.000+00:00,95,95,83,93,88,100,81,1021,60,450,0,510
39c9e130-8ef9-4917-90d4-1da8f13acf10,2025-05-11,89,2025-05-11T00:00:00.000+00:00,88,100,67,90,86,100,89,1111,30,390,0,420
349f888b-9d4e-4494-b897-0410ac3d7da5,2025-05-12,84,2025-05-12T00:00:00.000+00:00,96,90,75,96,70,100,80,3342,4830,13410,6510,24750
66802c0d-1c51-41e2-9fdc-318c7a9e4887,2025-05-13,88,2025-05-13T00:00:00.000+00:00,96,100,67,86,78,100,91,1932,0,270,0,270
53136989-b5d0-4e0d-b3fb-cc13137367b0,2025-05-14,90,2025-05-14T00:00:00.000+00:00,96,100,81,88,87,100,87,1171,0,60,0,60
15986bb0-ab5c-4197-8604-0793873a44a6,2025-05-15,81,2025-05-15T00:00:00.000+00:00,95,93,64,76,73,100,78,2941,4290,15300,4710,24300
0940da75-6231-4852-b9cf-c2e28f388645,2025-05-16,94,2025-05-16T00:00:00.000+00:00,95,97,97,96,84,100,95,2342,4020,17880,6510,28410
1a5b0871-e6ab-49d8-840d-c79f23cc0598,2025-05-17,93,2025-05-17T00:00:00.000+00:00,96,100,70,97,87,100,95,1140,0,660,0,660
4b668d7e-c007-4a23-ba3d-4b677dc96d4e,2025-05-18,93,2025-05-18T00:00:00.000+00:00,97,93,97,91,84,93,92,1316,0,390,0,390
7bc36289-174d-4ff3-bd34-5113196cbe08,2025-05-19,83,2025-05-19T00:00:00.000+00:00,96,90,75,95,77,100,75,1890,60,150,0,210
01d9f2d0-3127-4b75-bdde-209d9f4c9315,2025-05-20,93,2025-05-20T00:00:00.000+00:00,83,93,83,97,85,100,96,870,30,390,0,420
93d82925-54d7-4172-acdb-fce40399d4b3,2025-05-21,84,2025-05-21T00:00:00.000+00:00,95,97,67,90,72,100,80,2064,4200,15060,5580,24840
16e80ccb-7bf5-437e-921c-1313a7d4a8a8,2025-05-22,90,2025-05-22T00:00:00.000+00:00,95,97,91,92,80,100,88,1320,0,120,0,120
2c4ae492-c571-405a-98ba-d14ff124e5fb,2025-05-23,84,2025-05-23T00:00:00.000+00:00,96,99,81,96,79,100,71,1470,0,510,0,510
a402a5e4-dbd2-4b9e-8107-9d21f887efc3,2025-05-24,87,2025-05-24T00:00:00.000+00:00,96,95,75,97,59,94,91,3091,5100,15450,6900,27450
1e98ac49-3613-43e3-9ac7-439997c2e857,2025-05-25,86,2025-05-25T00:00:00.000+00:00,96,86,75,95,66,97,89,870,0,540,0,540
203ff8f5-c0ba-4316-a582-f9c71df19848,2025-05-26,72,2025-05-26T00:00:00.000+00:00,97,62,32,64,51,98,83,7890,5700,15930,3990,25620
9e153e3a-a5ac-4453-9542-55afc87a29b0,2025-05-27,89,2025-05-27T00:00:00.000+00:00,96,95,94,89,65,100,91,2912,5160,16680,5520,27360
90773255-7666-4023-8aec-ac558eec69ad,2025-05-28,88,2025-05-28T00:00:00.000+00:00,96,95,89,89,64,100,90,3062,5010,16620,5490,27120
200de1d8-8823-4eca-a1dc-67453ba6f5b6,2025-05-29,90,2025-05-29T00:00:00.000+00:00,98,100,78,86,87,100,87,1020,0,750,0,750
c8d5e450-c7b0-4fdf-acfc-6a30afaf5133,2025-05-30,86,2025-05-30T00:00:00.000+00:00,85,99,83,79,82,100,82,781,0,750,0,750
eb3b0521-f292-4586-bec5-8909745fe67b,2025-05-31,83,2025-05-31T00:00:00.000+00:00,96,97,70,96,72,100,76,2045,4560,13080,6270,23910
bdb72d0b-eb24-4439-9345-f886d7cd5945,2025-06-01,90,2025-06-01T00:00:00.000+00:00,96,99,67,96,87,97,90,1822,4860,16080,6240,27180
15b68847-f178-4018-8f57-d2e0445dba54,2025-06-02,83,2025-06-02T00:00:00.000+00:00,97,96,83,67,73,100,80,1140,60,780,0,840
cca698d3-d191-465d-bab6-6b7f228ffb9b,2025-06-06,92,2025-06-06T00:00:00.000+00:00,97,98,72,97,90,100,93,2160,0,450,0,450
b756826c-9e9e-4396-bbaa-0623aefbb980,2025-06-07,95,2025-06-07T00:00:00.000+00:00,98,96,75,97,88,100,97,1955,6180,13860,6780,26820
89310c73-5a64-4212-af77-5dee80999e80,2025-06-08,91,2025-06-08T00:00:00.000+00:00,96,100,64,95,90,100,93,1444,5340,16440,5970,27750
a604f0f1-91fa-4dec-9301-496928d49082,2025-06-09,90,2025-06-09T00:00:00.000+00:00,94,97,97,97,86,100,83,2208,3900,14280,7290,25470
5ec1dcdd-f821-45d3-b52c-be5fc08ebcd3,2025-06-10,87,2025-06-10T00:00:00.000+00:00,96,96,94,92,68,100,82,2497,5400,14250,5700,25350
81ce7c7c-a080-4b53-9024-58b480e50273,2025-06-11,80,2025-06-11T00:00:00.000+00:00,96,95,70,75,70,100,73,2432,4470,13950,4680,23100
abeb0c6b-1b0a-4a63-a291-4570c6e3fed9,2025-06-12,80,2025-06-12T00:00:00.000+00:00,97,93,70,95,62,100,72,1209,150,300,0,450
02b95c82-b046-4b28-b0e6-ab0fb590bf67,2025-06-13,85,2025-06-13T00:00:00.000+00:00,96,99,70,95,75,100,80,1659,5190,13770,5940,24900
e5599da4-7056-4d2c-86f6-302a97219e02,2025-06-14,86,2025-06-14T00:00:00.000+00:00,96,98,81,74,87,100,80,1876,5040,15060,4590,24690
189ae2a3-c155-4fe5-a286-a2db4ba28f59,2025-06-15,88,2025-06-15T00:00:00.000+00:00,95,99,75,86,89,97,83,1753,4020,16080,5340,25440
fc78d7fd-9f5c-46fe-8533-336ce25252d0,2025-06-16,85,2025-06-16T00:00:00.000+00:00,97,98,70,91,79,100,79,1981,5490,13440,5640,24570
7a1843f2-56b9-46e6-8f81-f6191e1e1a89,2025-06-17,89,2025-06-17T00:00:00.000+00:00,96,97,89,94,81,100,83,2068,4980,14670,5820,25470
e909d0b4-fea8-42ee-9c93-3d4d0f6898df,2025-06-18,91,2025-06-18T00:00:00.000+00:00,96,97,75,96,75,97,96,1050,0,540,0,540
37c3a34d-1903-46af-91db-9dd293215131,2025-06-19,86,2025-06-19T00:00:00.000+00:00,97,98,75,97,87,100,75,1690,6270,10650,6840,23760
1baf9a58-1ca0-4c3a-b97e-34a5f5bdfc46,2025-06-20,88,2025-06-20T00:00:00.000+00:00,95,100,64,96,93,100,82,900,120,600,0,720
b74f2f1f-5635-4561-a829-31d6b61a4da0,2025-06-21,91,2025-06-21T00:00:00.000+00:00,97,93,89,74,81,98,96,2151,5370,16470,4590,26430
1e34bbe6-3724-4add-b887-9d6b710262a1,2025-06-22,88,2025-06-22T00:00:00.000+00:00,95,99,64,93,86,100,86,1798,3990,16410,5760,26160
753ac480-1e1b-483b-9f92-140acaaa51c5,2025-06-23,89,2025-06-23T00:00:00.000+00:00,98,96,99,74,86,100,83,2519,6900,14040,4620,25560
51ca9ddc-b1dd-4762-baf8-edafabd1a4d6,2025-06-24,82,2025-06-24T00:00:00.000+00:00,83,95,70,96,69,100,78,2584,3480,14610,6300,24390
53271745-b6d4-4321-9b92-7b2c747fc39d,2025-06-25,92,2025-06-25T00:00:00.000+00:00,95,97,89,89,77,100,96,2543,4290,19080,5520,28890
8edf3a24-c921-4c9c-8f44-fabf0722e00b,2025-06-26,85,2025-06-26T00:00:00.000+00:00,96,96,78,78,71,100,84,2613,4560,16440,4860,25860
60ab0b35-0e1f-4d55-b67f-299f612652bd,2025-06-27,35,2025-06-27T00:00:00.000+00:00,28,17,78,12,41,100,14,6570,1170,4680,780,6630
f1155015-ebaf-4e40-b57f-85850c6fd8de,2025-06-28,91,2025-06-28T00:00:00.000+00:00,96,79,86,98,80,80,99,5689,3780,17910,7290,28980
d280066a-7d2e-4e15-a8ac-0449fb1a53ca,2025-06-29,88,2025-06-29T00:00:00.000+00:00,88,99,91,82,87,83,87,3180,150,60,0,210
81d96ff5-c17b-4fba-a33a-fa152b15a722,2025-06-30,90,2025-06-30T00:00:00.000+00:00,96,100,81,96,94,100,80,1293,4800,13860,6240,24900
2d42ee02-daa2-41b3-8d25-a638a7444323,2025-07-01,84,2025-07-01T00:00:00.000+00:00,96,96,78,81,70,100,81,2354,5430,14520,5040,24990
a78c295f-9404-48a9-93ea-4808bd773e92,2025-07-02,86,2025-07-02T00:00:00.000+00:00,96,97,78,95,85,100,76,2189,4650,13170,6180,24000
f4b04fe9-28c6-457d-9bc3-0ef6d384c62b,2025-07-03,89,2025-07-03T00:00:00.000+00:00,97,98,81,97,85,100,82,1808,5610,12720,6900,25230
5a39b4cb-c23e-4ea0-ad10-2a46fdb99c7c,2025-07-04,87,2025-07-04T00:00:00.000+00:00,98,98,67,97,86,100,80,1725,6660,11340,6810,24810
a12b3069-5231-4f24-a12a-d9caf1fe3127,2025-07-05,88,2025-07-05T00:00:00.000+00:00,96,96,97,98,79,85,84,930,0,240,0,240
3b974921-a9fc-4615-92f7-986cda91bacd,2025-07-06,85,2025-07-06T00:00:00.000+00:00,95,93,64,96,61,80,93,3411,4260,16860,6750,27870
0cccbee2-a2c9-4024-a3e8-cbc7df8c2ab5,2025-07-07,88,2025-07-07T00:00:00.000+00:00,96,98,72,95,84,100,83,1170,0,90,0,90
ba274858-1a21-433b-bedf-cc36e5464672,2025-07-08,93,2025-07-08T00:00:00.000+00:00,98,96,78,95,93,99,92,750,0,30,0,30
ad5a1e30-89d1-4675-9f66-5854ee3e4ccf,2025-07-09,85,2025-07-09T00:00:00.000+00:00,98,99,75,90,84,100,76,1467,6870,11550,5580,24000
02be0afd-7238-4242-8a9a-4924fca0e292,2025-07-10,80,2025-07-10T00:00:00.000+00:00,94,95,67,61,80,100,75,2517,3870,15960,3840,23670
72c5cf3f-4be3-4a2b-93be-60f7dc1c9bbb,2025-07-11,63,2025-07-11T00:00:00.000+00:00,96,86,67,17,65,84,52,2877,4530,12540,1080,18150
c6c06666-a397-4c4e-aec8-86ca62bedf24,2025-07-12,91,2025-07-12T00:00:00.000+00:00,96,100,64,96,90,85,95,1369,4560,17340,6780,28680
1a416881-077f-43dc-b940-5e8bf42b3d33,2025-07-13,91,2025-07-13T00:00:00.000+00:00,96,97,83,97,78,92,93,2311,4710,15900,7290,27900
7bcc11f4-da89-484b-b804-bf36677b6148,2025-07-14,88,2025-07-14T00:00:00.000+00:00,97,100,67,88,91,100,84,1201,60,600,0,660
18b91ef4-d526-40c9-9d3c-3ea8d55e16dd,2025-07-15,90,2025-07-15T00:00:00.000+00:00,96,100,86,96,92,100,80,1110,0,60,0,60
15e4f849-9aab-4d41-8670-ee29234f7b94,2025-07-16,86,2025-07-16T00:00:00.000+00:00,96,100,67,97,72,100,83,1262,4770,13680,7140,25590
2a7749cc-4f92-4d87-9d2d-b4a8437d8674,2025-07-17,85,2025-07-17T00:00:00.000+00:00,96,100,75,86,90,100,75,1146,4500,13920,5340,23760
dea3ca2d-1ed3-4aa3-9d06-440fe8a33d04,2025-07-18,87,2025-07-18T00:00:00.000+00:00,96,100,67,96,76,100,84,1414,4890,14280,6510,25680
2c39c503-bdc7-4a2b-ab62-184c425b5f7f,2025-07-19,91,2025-07-19T00:00:00.000+00:00,97,98,75,95,86,100,89,1901,5940,14940,6000,26880
661ef8ca-bbee-4033-961f-200fc68591d4,2025-07-20,89,2025-07-20T00:00:00.000+00:00,85,100,67,95,80,100,93,1020,0,540,0,540
74cab5e2-673f-41fa-af8a-f9e3035c3936,2025-07-21,85,2025-07-21T00:00:00.000+00:00,97,93,78,96,66,100,81,3029,5610,13050,6270,24930
79915cba-83b9-4a69-86a8-1557c94f1270,2025-07-22,87,2025-07-22T00:00:00.000+00:00,96,96,72,98,74,100,84,1171,0,840,0,840
25d311c7-31b4-4cdf-9847-62275ba4d3d7,2025-07-23,88,2025-07-23T00:00:00.000+00:00,95,100,67,96,92,100,81,1020,4230,14490,6360,25080
18a19d03-c056-4053-a6c2-f2a056c61a1e,2025-07-24,89,2025-07-24T00:00:00.000+00:00,97,100,67,90,96,100,84,2113,0,480,90,570
e45453aa-e09d-4e92-9639-5a2710dc7179,2025-07-25,87,2025-07-25T00:00:00.000+00:00,96,96,78,95,87,100,78,2276,4500,13860,6060,24420
8515aa0e-8d71-41ec-9f52-cb515f17fcda,2025-07-26,87,2025-07-26T00:00:00.000+00:00,98,72,67,95,83,96,92,7020,7080,14700,5940,27720
57e23319-ac11-4748-9670-a2e70764b028,2025-07-27,90,2025-07-27T00:00:00.000+00:00,97,99,67,98,86,91,90,1411,0,390,0,390
4b3cfb23-9cee-4f44-a15a-2c167f520312,2025-07-28,91,2025-07-28T00:00:00.000+00:00,95,100,72,96,81,100,93,1710,30,720,0,750
fbe255d1-9379-4e44-83ff-bb84d87f119a,2025-07-29,89,2025-07-29T00:00:00.000+00:00,97,100,70,98,91,89,85,931,150,240,0,390
606206f1-845a-49ad-9f80-a6212922d7fa,2025-07-30,88,2025-07-30T00:00:00.000+00:00,97,97,72,96,87,100,82,810,0,1620,0,1620
a32d1a2a-e6ef-4dfd-8716-3e5b6e3e2a4a,2025-07-31,94,2025-07-31T00:00:00.000+00:00,97,98,81,99,84,100,96,2153,5820,14730,8340,28890
3f11bee3-12ef-4037-9d35-8935896c7b2f,2025-08-01,24,2025-08-01T00:00:00.000+00:00,4,17,64,1,99,1,3,1591,180,1410,0,1590
388dd3be-3038-4d41-99ff-00992c3fadbd,2025-08-02,83,2025-08-02T00:00:00.000+00:00,97,62,67,95,64,71,97,960,0,510,0,510
0d19f14b-d61b-4422-874e-e4bcfce920dc,2025-08-03,89,2025-08-03T00:00:00.000+00:00,97,83,78,81,80,88,97,1200,90,210,0,300
67ad8a14-7bfb-4eac-a512-04c16bb78d9a,2025-08-04,90,2025-08-04T00:00:00.000+00:00,54,99,89,96,88,100,95,661,0,150,0,150
55a3607b-bcee-4045-81cb-9151ee33ea6f,2025-08-05,94,2025-08-05T00:00:00.000+00:00,97,100,86,96,85,95,98,1590,5760,18150,6420,30330
0311b17f-6ee2-4745-82e5-68b9d235618a,2025-08-06,92,2025-08-06T00:00:00.000+00:00,97,99,78,96,81,100,94,1719,6180,15420,6540,28140
dc3c97f3-b7cf-4c39-824f-f6428e1f7f93,2025-08-07,89,2025-08-07T00:00:00.000+00:00,95,97,86,98,85,100,83,780,60,750,0,810
cc30dab6-25b4-4b89-9782-6894bc7bb964,2025-08-08,87,2025-08-08T00:00:00.000+00:00,96,96,70,89,72,100,88,911,0,840,0,840
c25270c0-197e-4dcc-ae92-94788906109b,2025-08-09,87,2025-08-09T00:00:00.000+00:00,98,96,67,88,92,100,82,2599,7140,12780,5460,25380
934f95df-13ba-4e5b-9200-c35b54643780,2025-08-10,86,2025-08-10T00:00:00.000+00:00,96,99,70,66,89,100,85,1632,5430,16470,4110,26010
725c5921-ecb4-4b26-948c-de495452d0b3,2025-08-11,81,2025-08-11T00:00:00.000+00:00,96,98,75,72,89,100,66,1753,5100,12060,4470,21630
e331c43a-7e45-4261-ba86-7a7166cc6ae3,2025-08-12,94,2025-08-12T00:00:00.000+00:00,94,93,89,96,69,96,98,2731,3900,19290,6300,29490
52183441-4c03-40de-bd4b-719b47436842,2025-08-13,92,2025-08-13T00:00:00.000+00:00,96,95,75,96,81,98,96,2174,4800,14760,6600,26160
60939026-cef2-476c-9e41-42e1a216c8af,2025-08-14,95,2025-08-14T00:00:00.000+00:00,96,98,91,96,85,94,98,2273,5280,19410,6450,31140
22c245b0-2639-4156-a2ad-5976bcbb8983,2025-08-15,94,2025-08-15T00:00:00.000+00:00,96,96,94,95,75,100,98,3042,5370,19590,5880,30840
f385608e-bb51-4519-b4f3-1398a1481db0,2025-08-16,90,2025-08-16T00:00:00.000+00:00,98,96,59,98,77,90,99,2997,6450,17070,7650,31170
f1cee6d2-927a-4637-8584-a9e72ed3459b,2025-08-17,89,2025-08-17T00:00:00.000+00:00,83,95,97,85,72,97,93,3138,3420,19020,5190,27630
d00f7ba1-d964-43fa-b8e2-840e32f19c31,2025-08-18,90,2025-08-18T00:00:00.000+00:00,95,96,78,89,75,82,98,3072,3990,21090,5460,30540
04884372-5a43-4ea4-b6d6-624e1c1c1b24,2025-08-19,88,2025-08-19T00:00:00.000+00:00,80,99,72,96,73,96,95,1854,3270,18540,6570,28380
01bacea8-91d8-47e7-998f-d7faf158f5aa,2025-08-20,96,2025-08-20T00:00:00.000+00:00,96,98,94,96,88,100,97,2121,5010,18180,6300,29490
c2e243b0-c472-4577-9121-38a50708b784,2025-08-21,93,2025-08-21T00:00:00.000+00:00,96,98,86,99,83,93,96,2052,5010,15960,8430,29400
c735b98e-aab9-46e7-a86e-c3987c237992,2025-08-22,78,2025-08-22T00:00:00.000+00:00,64,83,78,70,56,86,91,4933,2640,20250,4320,27210
968f85ee-8686-46ef-b126-ddd5b5beeba4,2025-08-23,87,2025-08-23T00:00:00.000+00:00,96,100,67,97,82,83,86,1458,5070,13980,7080,26130
d27eba40-d23d-4382-a2bd-d270d3ee7a7b,2025-08-24,91,2025-08-24T00:00:00.000+00:00,96,100,67,98,87,83,96,1507,4800,17040,7560,29400
8de324df-a034-4f64-91a4-3eae998aaad7,2025-08-25,90,2025-08-25T00:00:00.000+00:00,95,99,67,96,81,99,91,810,30,690,0,720
b46a3055-dc89-47ed-86f8-cb8888ff4211,2025-08-26,86,2025-08-26T00:00:00.000+00:00,96,96,97,75,86,100,77,2490,4980,14460,4590,24030
c1c5a6ef-0262-4b46-84d8-b3ee360a3f4e,2025-08-27,86,2025-08-27T00:00:00.000+00:00,96,99,70,93,84,100,79,1497,4770,13950,5670,24390
665ec603-c9f9-40f3-b278-e004e8f2ca13,2025-08-28,89,2025-08-28T00:00:00.000+00:00,98,97,75,96,69,100,88,1862,6420,12210,6210,24840
2eced26a-0ebd-4214-b07a-ae7d5bc5609f,2025-08-29,90,2025-08-29T00:00:00.000+00:00,97,97,94,96,83,100,85,638,150,360,0,510
ffb95297-88a3-426f-9f76-a2e61f165c90,2025-08-30,90,2025-08-30T00:00:00.000+00:00,97,99,75,96,85,100,87,1290,0,570,0,570
58e4f1f6-116e-4419-9f42-e6dc55dbc749,2025-08-31,79,2025-08-31T00:00:00.000+00:00,96,74,91,64,46,90,86,6097,4680,17490,3930,26100
05375dd3-c9ac-4148-9ba5-d3d5bf301ca0,2025-09-01,90,2025-09-01T00:00:00.000+00:00,97,100,75,96,84,100,87,1140,30,840,0,870
e40ea0cc-79ac-4380-bb9a-57508a577e81,2025-09-02,91,2025-09-02T00:00:00.000+00:00,96,99,81,95,86,100,89,780,0,720,60,780
0ed77edb-eec0-4acf-bb5d-642475469970,2025-09-03,85,2025-09-03T00:00:00.000+00:00,97,96,83,93,76,100,76,1200,0,780,0,780
f2bae0a9-88e5-48a2-bd44-75f9c35ffe18,2025-09-04,90,2025-09-04T00:00:00.000+00:00,96,99,75,98,90,100,84,870,0,30,0,30
4c5de121-5e80-40e0-9f82-9090667360ca,2025-09-05,84,2025-09-05T00:00:00.000+00:00,98,99,64,66,70,100,87,1694,6990,15270,4050,26310
69bfa7fc-d83a-461a-84a2-58b6b2f63624,2025-09-06,93,2025-09-06T00:00:00.000+00:00,98,98,70,96,93,100,94,990,0,120,0,120
37a57262-93f1-42c3-9a87-a26e3f235b89,2025-09-07,90,2025-09-07T00:00:00.000+00:00,96,100,67,96,86,98,90,1141,0,420,0,420
7340270e-2dcf-4b20-8192-5063acac2310,2025-09-08,85,2025-09-08T00:00:00.000+00:00,77,99,81,86,80,100,82,1567,3150,16680,5250,25080
a57e15ec-7beb-4201-b92e-97b4aa9e428f,2025-09-09,86,2025-09-09T00:00:00.000+00:00,95,97,78,70,86,100,83,2101,30,480,0,510
ac5bae35-f769-416c-9351-47e081979f54,2025-09-10,89,2025-09-10T00:00:00.000+00:00,96,96,70,95,79,100,91,2527,5010,16050,6090,27150
e3f1fb95-da94-4408-aecd-1ef83e1fe94d,2025-09-11,89,2025-09-11T00:00:00.000+00:00,98,95,83,91,87,100,83,2670,6930,12840,5550,25320
7b336d55-30e8-4511-ba66-83de39b4f913,2025-09-12,88,2025-09-12T00:00:00.000+00:00,97,99,67,96,80,100,85,1050,0,90,0,90
83f3a33a-73a7-452b-a205-57872205ec96,2025-09-13,96,2025-09-13T00:00:00.000+00:00,98,98,94,97,87,100,97,1201,0,510,0,510
d45d7190-957f-4f7e-bd9f-d79ac7692ae2,2025-09-14,67,2025-09-14T00:00:00.000+00:00,97,69,72,35,44,82,71,5959,6210,14280,2190,22680
c108f86d-72c6-4f1e-8324-5c00cd6c3100,2025-09-15,95,2025-09-15T00:00:00.000+00:00,96,98,83,97,90,100,97,2197,5370,17550,7230,30150
3af75cf2-cb5c-4e51-825e-7ee874a17c54,2025-09-16,86,2025-09-16T00:00:00.000+00:00,96,96,72,95,60,100,88,661,30,780,0,810
0f4fa5e8-16ba-4623-8d60-68af2770622f,2025-09-17,92,2025-09-17T00:00:00.000+00:00,96,97,78,85,76,100,99,2924,4680,21780,5190,31650
c68d253a-5d0d-4c27-be96-69f19a44fbd6,2025-09-18,88,2025-09-18T00:00:00.000+00:00,96,96,67,95,67,100,93,2716,5040,16590,6000,27630
91a5b134-fe54-4356-829e-14d897ca43df,2025-09-19,90,2025-09-19T00:00:00.000+00:00,96,97,70,96,84,100,89,1500,30,330,0,360
7042941e-d357-4695-a32d-831a57f75637,2025-09-20,91,2025-09-20T00:00:00.000+00:00,97,88,64,96,78,96,100,3390,5670,16230,6660,28560
d0acb920-166b-489f-ae5b-0c0292c0e857,2025-09-21,95,2025-09-21T00:00:00.000+00:00,95,99,97,98,90,100,94,1816,4080,16380,7440,27900
d654be44-bfb5-41ea-8dbe-ae05a825d28c,2025-09-22,89,2025-09-22T00:00:00.000+00:00,96,98,89,80,89,100,85,1920,4470,16440,4920,25830
afb8ceae-0e49-49d1-b53f-bb1b6c130e21,2025-09-23,94,2025-09-23T00:00:00.000+00:00,96,100,83,100,84,100,95,1295,4470,14550,9480,28500
9bd0e30a-2443-4233-bd51-e551ba2023a2,2025-09-24,91,2025-09-24T00:00:00.000+00:00,95,100,67,95,84,100,94,1557,4200,17760,6000,27960
0334aed1-95cc-4e3a-8232-0a65647a924d,2025-09-26,86,2025-09-26T00:00:00.000+00:00,96,97,67,81,81,100,84,2011,0,60,0,60
93f0195e-5c6d-49e1-a665-54d8f75bba47,2025-09-27,93,2025-09-27T00:00:00.000+00:00,97,96,94,97,85,100,91,960,0,630,0,630
7a36cb70-00da-4cb9-be2e-5a30a5de08a8,2025-09-28,91,2025-09-28T00:00:00.000+00:00,97,95,86,97,73,89,96,1140,240,1290,270,1800
82cb92ea-110c-426f-a7f8-3f3a09f36c7b,2025-09-29,89,2025-09-29T00:00:00.000+00:00,95,98,78,89,93,100,84,2055,4200,15900,5430,25530
9bcca94b-1c77-46c9-9040-4cd8fd07d492,2025-09-30,90,2025-09-30T00:00:00.000+00:00,77,99,91,96,90,100,86,1634,3150,16740,6150,26040
7d23a84a-af90-48b5-9582-68aec5c3a0c1,2025-10-01,92,2025-10-01T00:00:00.000+00:00,97,96,99,95,70,100,93,2744,5460,16320,6060,27840
4f8be376-5b02-41b9-a2b6-15906e78fe1e,2025-10-02,88,2025-10-02T00:00:00.000+00:00,96,98,70,96,91,100,81,1968,4440,14070,6300,24810
6d0ab70e-05f9-4215-b0ee-62dffc63924b,2025-10-03,91,2025-10-03T00:00:00.000+00:00,96,100,83,96,79,100,91,3330,0,300,0,300
b22fa823-ed53-4be0-a986-d032bcf1ea46,2025-10-04,87,2025-10-04T00:00:00.000+00:00,97,98,67,94,83,100,83,1680,0,90,0,90
77192cd4-61e1-4acb-b378-2d94bf1f98f3,2025-10-05,92,2025-10-05T00:00:00.000+00:00,98,90,89,96,80,97,93,1350,0,540,0,540
ea19e1f1-1bdf-4aff-af04-edcdc70a1194,2025-10-06,86,2025-10-06T00:00:00.000+00:00,97,99,64,84,83,100,85,1654,5670,15000,5160,25830
6387c5c5-2dc3-42d2-a2d5-d4b611ff511c,2025-10-07,90,2025-10-07T00:00:00.000+00:00,98,96,89,96,79,100,86,2457,7050,12690,6420,26160
5a832dab-867e-46fc-9361-5b61f34135f7,2025-10-08,90,2025-10-08T00:00:00.000+00:00,86,97,89,94,75,100,92,2336,3540,18210,5730,27480
4eaa46e7-f191-4d48-9b3e-caa90c314a47,2025-10-09,89,2025-10-09T00:00:00.000+00:00,96,100,67,95,86,100,86,1362,4530,15660,5910,26100
2fd17087-64b8-40df-912c-20c1349ef557,2025-10-10,89,2025-10-10T00:00:00.000+00:00,91,100,72,96,81,100,87,1343,3690,16170,6480,26340
96255021-108c-4c9d-bcff-ebd21a993198,2025-10-11,88,2025-10-11T00:00:00.000+00:00,97,98,91,86,84,100,81,1911,5700,14040,5280,25020
14e1752d-6f1b-494c-a90d-a0f9273e556c,2025-10-12,93,2025-10-12T00:00:00.000+00:00,96,98,86,97,83,100,95,2041,0,480,0,480
a5707bd5-2c86-472d-ac41-c6653838bffb,2025-10-13,90,2025-10-13T00:00:00.000+00:00,95,93,72,98,82,100,91,3214,4230,15570,7560,27360
18e14886-4bae-4486-a558-7d08e6a2e026,2025-10-14,87,2025-10-14T00:00:00.000+00:00,97,97,75,96,75,100,83,2218,5610,13500,6360,25470
9f708b07-5c13-4364-b919-870ef3764108,2025-10-15,90,2025-10-15T00:00:00.000+00:00,95,99,72,96,89,100,87,1320,30,90,0,120
57c8d572-aef4-4d0c-bd52-af7686c1c432,2025-10-16,93,2025-10-16T00:00:00.000+00:00,97,100,86,97,77,100,96,1590,6180,16020,7050,29250
19ca4ea3-d78e-4825-bb70-33d7983d113c,2025-10-17,75,2025-10-17T00:00:00.000+00:00,96,96,78,60,61,100,65,750,0,840,0,840
d370cd69-f5e9-4cbe-9db3-d9ac2024debb,2025-10-18,93,2025-10-18T00:00:00.000+00:00,98,100,75,96,82,100,96,1348,6750,16110,6540,29400
2267d7ac-1d59-42f1-9069-ccfaa3901e27,2025-10-19,91,2025-10-19T00:00:00.000+00:00,96,99,78,78,87,100,94,1950,0,600,30,630
38d973c0-aff2-4abb-b99d-5cdc008f0a5d,2025-10-20,88,2025-10-20T00:00:00.000+00:00,97,98,67,97,82,100,84,2058,6120,12510,7020,25650
13546973-8bd2-4f2d-beaa-0cb2c00aa665,2025-10-21,84,2025-10-21T00:00:00.000+00:00,96,100,75,87,90,100,70,648,5250,11850,5310,22410
dedef806-9f44-470e-adb5-3cc5c0ba8e7f,2025-10-22,87,2025-10-22T00:00:00.000+00:00,96,86,67,98,57,100,97,4835,4590,17760,7770,30120
18ce2f6e-0994-41d2-817e-215d21556d15,2025-10-23,92,2025-10-23T00:00:00.000+00:00,96,97,78,95,78,100,96,660,90,780,0,870
223a162a-0c68-47c6-ba61-f56a4c7ac0ff,2025-10-24,95,2025-10-24T00:00:00.000+00:00,97,99,94,97,81,100,97,781,0,510,0,510
4ccf4794-a534-43a6-9fa5-c0a4c3695cf1,2025-10-25,94,2025-10-25T00:00:00.000+00:00,96,95,94,94,82,100,96,3036,5100,18030,5760,28890
3f1905c2-60ec-4f69-b888-d00a1a373a31,2025-10-26,89,2025-10-26T00:00:00.000+00:00,97,93,72,96,63,100,96,3570,5880,16770,6720,29370
7fb912da-39a9-441a-b244-1210812dc057,2025-10-27,89,2025-10-27T00:00:00.000+00:00,98,95,81,96,94,100,79,2867,7110,11280,6150,24540
bd963b78-a66d-4827-afa5-fbc9fa3e7a2b,2025-10-28,89,2025-10-28T00:00:00.000+00:00,96,99,86,83,91,100,83,1668,5100,15330,5070,25500
9062f855-104d-402a-95c1-d15190589b33,2025-10-29,88,2025-10-29T00:00:00.000+00:00,97,99,75,68,81,100,92,811,90,330,0,420
3d02cb6c-2b1b-4fe1-9a8b-b16855a66fae,2025-10-30,93,2025-10-30T00:00:00.000+00:00,97,99,94,96,80,100,92,1819,5700,15210,6540,27450
a1baad1b-e1e2-4ce6-abaf-55457aa6f3ae,2025-10-31,90,2025-10-31T00:00:00.000+00:00,96,97,97,97,71,100,88,2220,420,870,0,1290
2d2072ff-b42d-4e90-9c32-7775aab2f777,2025-11-01,88,2025-11-01T00:00:00.000+00:00,97,93,70,97,84,97,86,1569,5640,11610,6960,24210
5880dce2-274f-4c75-9685-cfbaa40a2fb9,2025-11-02,90,2025-11-02T00:00:00.000+00:00,95,100,67,98,83,100,91,1332,4200,15630,7440,27270
8bfcc9da-4274-40af-918a-1420871f0b63,2025-11-03,91,2025-11-03T00:00:00.000+00:00,97,99,86,98,87,100,86,1553,5940,12810,7410,26160
b766d493-f341-4123-8e8e-7023e0eb0a39,2025-11-04,88,2025-11-04T00:00:00.000+00:00,96,95,67,93,86,100,86,3053,4500,16020,5670,26190
b20f04b8-e1ce-44ef-8a3a-0178304d76fe,2025-11-05,90,2025-11-05T00:00:00.000+00:00,96,97,86,93,80,100,89,2160,210,690,0,900
57392009-2db7-46ac-be23-92ce8bf95adc,2025-11-06,89,2025-11-06T00:00:00.000+00:00,97,100,72,95,88,100,83,1438,6060,13320,6030,25410
c9331423-86eb-40c8-a105-ed1a5459da0e,2025-11-07,84,2025-11-07T00:00:00.000+00:00,96,100,72,65,78,100,83,4561,270,1320,0,1590
5199f735-c360-46cd-8645-c681854ce4f8,2025-11-08,81,2025-11-08T00:00:00.000+00:00,85,93,94,68,73,89,77,3097,3480,16440,4170,24090
0a88a7da-8943-46f7-b37f-58960474a31d,2025-11-09,91,2025-11-09T00:00:00.000+00:00,97,97,83,96,74,100,93,1020,0,30,0,30
908b6118-8f4d-4ff9-a0eb-6606484cdfa6,2025-11-10,88,2025-11-10T00:00:00.000+00:00,96,99,64,97,75,87,94,1787,5130,15750,7020,27900
8532e49c-371e-41c2-b876-cfe6eec1d6c9,2025-11-11,87,2025-11-11T00:00:00.000+00:00,97,86,67,79,73,81,98,3854,4110,15600,4470,24180
934620e9-64f9-4ead-bb0c-7a2a7701c64a,2025-11-12,79,2025-11-12T00:00:00.000+00:00,96,62,46,51,85,88,90,5010,1380,5220,150,6750
ef9478c0-f3c8-4a93-a9bc-d4b5e67c297a,2025-11-13,92,2025-11-13T00:00:00.000+00:00,96,99,78,98,86,100,90,3662,60,2670,0,2730
8cf4bb43-2b82-480c-ab7f-aa7482c9b1f7,2025-11-14,91,2025-11-14T00:00:00.000+00:00,98,99,81,95,74,100,92,990,0,90,0,90
8ecdd0bb-8f0e-4d80-957f-10fac2c7e352,2025-11-15,83,2025-11-15T00:00:00.000+00:00,96,98,75,58,77,100,83,1051,0,360,0,360
2cce83df-a283-41f4-acb8-9be34de26362,2025-11-16,93,2025-11-16T00:00:00.000+00:00,96,97,91,97,82,100,94,2460,5370,15360,7290,28020
213cf46e-e457-4e3d-add6-a00bf8bfea85,2025-11-17,90,2025-11-17T00:00:00.000+00:00,97,100,67,96,88,100,89,1462,5730,14790,6270,26790
92ef6f50-908d-41c0-bfbe-0d8a7c88e6a9,2025-11-18,83,2025-11-18T00:00:00.000+00:00,73,96,81,95,67,100,82,2436,3000,16140,5910,25050
48243378-8094-49e2-8c22-380946a64fad,2025-11-19,87,2025-11-19T00:00:00.000+00:00,97,99,67,94,82,100,82,1320,0,60,0,60
af6eb7d2-3bf5-49d0-9140-5c244b952cb3,2025-11-20,77,2025-11-20T00:00:00.000+00:00,96,90,72,77,73,89,69,3075,4560,12810,4710,22080
7be1c986-4098-4ed8-b323-fa013c22f52e,2025-11-21,90,2025-11-21T00:00:00.000+00:00,96,99,81,96,82,100,87,750,510,690,0,1200
12400f97-2013-4eb0-a13f-d7f83e0a4aaa,2025-11-22,91,2025-11-22T00:00:00.000+00:00,97,97,81,97,81,100,92,2512,6000,14460,7140,27600
abb5a504-7e3c-4382-8c6e-de4a4dfda77c,2025-11-23,91,2025-11-23T00:00:00.000+00:00,98,99,86,76,78,100,95,1110,90,90,0,180
bb2e1c90-66ef-4023-b96d-5b9126e4453a,2025-11-24,92,2025-11-24T00:00:00.000+00:00,98,97,83,95,77,100,94,1110,0,540,0,540
0d56815b-c714-402b-b7d7-6941218a3805,2025-11-25,92,2025-11-25T00:00:00.000+00:00,95,100,64,100,83,100,95,1337,4380,14460,9390,28230
c9801335-4f88-4cee-8187-7c70ca68151e,2025-11-26,92,2025-11-26T00:00:00.000+00:00,98,98,78,96,87,100,91,870,0,690,0,690
0a9c783b-b60b-4d44-9e74-a53d9334e399,2025-11-27,91,2025-11-27T00:00:00.000+00:00,97,99,81,95,90,100,87,1691,6300,13950,6000,26250
4eacd5e4-39a5-46fe-b2e9-fced730e7365,2025-11-28,91,2025-11-28T00:00:00.000+00:00,96,99,94,97,77,100,87,1542,5130,14130,7050,26310
e04307fe-4300-4542-89ad-96b8fc0a4401,2025-11-29,89,2025-11-29T00:00:00.000+00:00,98,99,67,96,81,100,88,1775,6900,13200,6480,26580
3d1e486c-fe53-4772-b5b5-f6c32001b556,2025-11-30,77,2025-11-30T00:00:00.000+00:00,94,86,72,64,54,100,78,3873,3840,16500,3930,24270
99d1b925-a8a9-47ba-a150-9cf4cabf43b8,2025-12-01,91,2025-12-01T00:00:00.000+00:00,97,99,75,97,84,100,90,1729,6120,13650,7170,26940
701e825b-2dfb-44ca-a626-16eee1743cba,2025-12-02,86,2025-12-02T00:00:00.000+00:00,97,98,70,70,81,100,88,2036,5760,16560,4290,26610
5dd67611-93ee-4af7-b813-bff20b1dd8b9,2025-12-03,87,2025-12-03T00:00:00.000+00:00,96,98,70,96,74,100,87,2061,5310,14490,6600,26400
98afd3fc-f415-406d-8bb6-e00291fa6324,2025-12-04,90,2025-12-04T00:00:00.000+00:00,97,100,72,96,83,100,89,1400,5460,14760,6630,26850
2caa8d92-de6f-46b6-9292-f00b635d0869,2025-12-05,90,2025-12-05T00:00:00.000+00:00,95,100,75,99,87,100,87,1249,3870,14370,8100,26340
88033bc0-858b-43cd-98d7-2bf4d6a18af1,2025-12-06,93,2025-12-06T00:00:00.000+00:00,98,97,78,96,75,100,99,2567,6780,17820,6540,31140
03afb07f-0e10-482f-8598-086f3b56871e,2025-12-07,89,2025-12-07T00:00:00.000+00:00,88,96,64,98,82,88,96,2737,3570,17490,7620,28680
3a8f98aa-295d-4661-ad4b-9338eaca5202,2025-12-08,88,2025-12-08T00:00:00.000+00:00,96,98,67,96,80,100,88,1982,4770,15090,6630,26490
6acaec1f-f119-4434-a13f-ef6d93a5c979,2025-12-09,84,2025-12-09T00:00:00.000+00:00,79,98,72,85,68,100,88,1937,3210,18150,5190,26550
63bae48f-21dd-439b-aa6d-3c199aa84d6d,2025-12-10,87,2025-12-10T00:00:00.000+00:00,95,99,67,90,82,100,86,1140,120,270,0,390
0beb37a0-53fd-4949-a5a8-89b681c45573,2025-12-11,88,2025-12-11T00:00:00.000+00:00,96,97,81,97,67,100,88,630,120,1380,0,1500
91e3ff05-e650-49e9-89af-81bdb068bcc2,2025-12-12,84,2025-12-12T00:00:00.000+00:00,96,93,67,81,73,100,83,3287,5280,15180,4980,25440
1349fce4-0aac-43f1-9028-27c24538f026,2025-12-13,92,2025-12-13T00:00:00.000+00:00,96,93,86,97,78,98,94,3580,4680,16020,7350,28050
19e2dd52-a835-4eef-8901-e9360622d521,2025-12-14,94,2025-12-14T00:00:00.000+00:00,97,100,72,97,90,100,96,1539,5580,16290,7230,29100
592ba2ef-e754-41dd-9d72-ac1db46fc2df,2025-12-16,92,2025-12-16T00:00:00.000+00:00,96,100,81,96,86,100,90,1230,0,30,0,30
a65d5da4-bf12-418d-804b-7430b2a10c0e,2025-12-17,88,2025-12-17T00:00:00.000+00:00,97,98,81,76,85,100,86,990,180,240,0,420
36550f77-e67c-43ae-9230-bf57c490a4b9,2025-12-18,86,2025-12-18T00:00:00.000+00:00,85,97,75,92,77,100,85,2122,3480,16770,5610,25860
2fb6eb6a-7e5c-4016-8386-31fdd3f0e5e6,2025-12-19,92,2025-12-19T00:00:00.000+00:00,97,93,81,95,82,100,94,3300,6090,15780,6030,27900
8b3d9a1f-268d-46f9-a327-42a8d4108b24,2025-12-20,90,2025-12-20T00:00:00.000+00:00,96,99,81,96,75,100,91,1883,4920,15720,6510,27150
89fa813b-115a-4a12-b032-a973f51fc062,2025-12-21,86,2025-12-21T00:00:00.000+00:00,96,93,67,96,74,100,84,1380,0,570,0,570
21b720df-8462-4e5b-8ef7-704bbd47320f,2025-12-23,88,2025-12-23T00:00:00.000+00:00,97,98,81,95,83,100,82,1830,6000,13080,6030,25110
49724627-aeda-4e01-8db4-aa29c206e06b,2025-12-24,85,2025-12-24T00:00:00.000+00:00,96,95,70,95,48,88,95,3126,5160,17100,5970,28230
7998fe48-b752-4ff6-9032-416f5070b52f,2025-12-25,88,2025-12-25T00:00:00.000+00:00,97,98,78,95,82,100,83,1875,6420,12990,6030,25440
c81f1313-9127-472a-a332-6ed541d6a8a1,2025-12-26,89,2025-12-26T00:00:00.000+00:00,85,100,75,98,84,79,93,1081,3450,16590,7740,27780
c31ecee6-3b99-4a2d-b1be-343fb06c0d02,2025-12-27,86,2025-12-27T00:00:00.000+00:00,95,93,89,90,82,86,81,2950,4380,15150,5490,25020
8cd1e333-7d48-4dc7-9a55-8af28a421878,2025-12-28,93,2025-12-28T00:00:00.000+00:00,96,95,81,96,85,99,97,3102,4920,18210,6390,29520
ae77996e-8754-4e3b-bae5-23ebd70d53c0,2025-12-29,75,2025-12-29T00:00:00.000+00:00,77,69,86,79,54,84,77,6454,3150,16110,4830,24090
f2e80455-bca0-4adb-b988-4817186e04d5,2025-12-30,93,2025-12-30T00:00:00.000+00:00,97,99,89,98,79,82,100,2232,5700,19170,7440,32310
f1b85084-0c7e-4350-b78e-f3b5b307855e,2025-12-31,89,2025-12-31T00:00:00.000+00:00,95,96,97,95,80,92,84,2424,3900,15750,6030,25680
93fd76fb-cf91-46ba-96f5-cb7df08997bf,2026-01-01,71,2026-01-01T00:00:00.000+00:00,86,93,67,58,69,81,62,2448,3510,13320,3600,20430
53b1538b-b1c7-4769-b0c9-ae1ab2d9d7d0,2026-01-02,92,2026-01-02T00:00:00.000+00:00,95,98,70,97,83,100,96,2342,4110,17910,7170,29190
f8bc60ca-ac8e-4fbe-b8ce-ed85c8a31ec1,2026-01-03,92,2026-01-03T00:00:00.000+00:00,96,97,83,95,83,100,93,2543,4440,17130,6060,27630
c6dee486-340e-4cdf-a90e-556b0ccca7c0,2026-01-04,92,2026-01-04T00:00:00.000+00:00,98,97,72,100,82,90,97,1320,0,810,0,810
3a53fe83-6acd-4c48-a025-f8a8521cdba1,2026-01-05,88,2026-01-05T00:00:00.000+00:00,95,97,78,85,78,100,89,1501,0,780,0,780
79e76773-8073-452d-acf6-795aad056385,2026-01-06,82,2026-01-06T00:00:00.000+00:00,96,81,94,80,72,100,74,4443,5310,13110,4890,23310
6ef30d63-12ff-4262-8fcb-8122a314d04b,2026-01-07,92,2026-01-07T00:00:00.000+00:00,96,96,78,97,90,100,91,2539,4800,15240,7290,27330
6ed60988-ac17-4542-aab3-24c1cabf7d17,2026-01-08,93,2026-01-08T00:00:00.000+00:00,95,100,81,96,84,100,95,1552,4230,17610,6450,28290
156c8a75-9e5a-4286-8a17-b657508d2670,2026-01-09,82,2026-01-09T00:00:00.000+00:00,96,93,64,92,57,100,82,1860,390,360,0,750
312265a2-8317-4b46-b59b-e625bbf481fb,2026-01-10,86,2026-01-10T00:00:00.000+00:00,77,95,81,96,72,100,86,3007,3150,16890,6180,26220
4f90bbbe-3fbe-404e-b338-e1d888d7da2e,2026-01-11,89,2026-01-11T00:00:00.000+00:00,96,97,81,95,78,100,88,2445,4950,15750,5940,26640
a9b2c2e6-d0e6-46e2-9018-0dff1cb827ab,2026-01-12,87,2026-01-12T00:00:00.000+00:00,97,96,81,97,65,100,86,1110,60,720,30,810
14408450-3b3f-4442-aa2d-c021cf75e926,2026-01-13,84,2026-01-13T00:00:00.000+00:00,95,90,83,96,73,100,77,3194,3990,13470,6600,24060
aa2ca21e-9328-48c4-983d-1c8e4687f433,2026-01-14,89,2026-01-14T00:00:00.000+00:00,97,86,97,96,88,100,81,4002,5760,13080,6150,24990
de4f8aad-de25-483b-ab43-8207cf5f7d60,2026-01-15,84,2026-01-15T00:00:00.000+00:00,83,83,89,96,77,100,78,4122,3420,14370,6420,24210
932d654c-06fd-47ce-8300-2033a801e404,2026-01-16,84,2026-01-16T00:00:00.000+00:00,76,98,72,96,88,100,77,1111,210,270,0,480
4bb3334d-7636-4757-8b14-519a31662b8f,2026-01-17,87,2026-01-17T00:00:00.000+00:00,96,93,91,67,85,100,86,1321,0,300,0,300
4fe46c48-d4ae-43c8-bb2a-ac2739862a0e,2026-01-19,89,2026-01-19T00:00:00.000+00:00,62,100,81,96,82,100,95,2100,30,240,0,270
f2420c9b-ca2a-476a-b112-9e42bfecd5d5,2026-01-20,86,2026-01-20T00:00:00.000+00:00,96,98,78,72,80,100,86,2045,5100,16620,4410,26130
f8ea7127-353a-4698-bc63-4ee05b65add2,2026-01-21,88,2026-01-21T00:00:00.000+00:00,97,83,91,95,79,100,83,4350,5430,14070,5790,25290
66904884-96be-4833-bc90-d32c287266a0,2026-01-22,77,2026-01-22T00:00:00.000+00:00,96,69,89,69,54,100,77,6383,4590,15180,4260,24030
3af0ece9-570d-4a63-a59c-073061bdb916,2026-01-23,92,2026-01-23T00:00:00.000+00:00,94,99,75,98,83,100,95,1966,3810,16800,7770,28380
4235fd32-88e1-4452-83ae-de70af7a20ba,2026-01-24,90,2026-01-24T00:00:00.000+00:00,92,97,97,97,90,100,79,990,60,300,0,360
ace034d4-e610-40f9-8cc5-316e38e32042,2026-01-25,89,2026-01-25T00:00:00.000+00:00,95,95,75,98,80,100,89,3139,3930,15360,7500,26790
53c736d8-391c-4d41-b4b3-82c2af6271d9,2026-01-26,95,2026-01-26T00:00:00.000+00:00,97,98,89,96,86,100,97,810,0,570,0,570
b84fa50d-e934-4e7b-a54c-2b9e67db49f9,2026-01-27,89,2026-01-27T00:00:00.000+00:00,96,93,91,96,69,100,89,3455,4560,16140,6150,26850
fea5cb4e-96e7-44e4-9937-2850f8753228,2026-01-28,91,2026-01-28T00:00:00.000+00:00,91,99,67,95,79,100,96,1967,3690,19050,5940,28680
2460239b-e1cd-4093-8d6e-7944c4436897,2026-01-29,93,2026-01-29T00:00:00.000+00:00,95,97,91,96,83,100,93,1530,90,780,0,870
e764cd88-0c8b-4f4e-acc2-45ac6eb53be0,2026-01-30,84,2026-01-30T00:00:00.000+00:00,70,100,64,91,80,100,84,1485,2850,17310,5580,25740
bc4a69d3-b363-4ebe-8f6a-1a95b42ef324,2026-01-31,76,2026-01-31T00:00:00.000+00:00,83,74,78,78,54,100,77,2280,0,600,0,600
38c674b0-54ea-441e-88bb-ab46b091d448,2026-02-01,91,2026-02-01T00:00:00.000+00:00,70,97,89,97,80,100,98,1941,0,780,0,780
6465bc0e-ce15-4cdc-8e21-fd92f5418bb4,2026-02-02,89,2026-02-02T00:00:00.000+00:00,99,98,67,97,84,100,88,2550,450,930,120,1500
60f8f05f-d767-4c75-8591-a3159289ee0b,2026-02-03,88,2026-02-03T00:00:00.000+00:00,98,97,81,97,75,100,85,1170,0,480,0,480
369e523a-e209-4053-b352-6beaf2dfd9e7,2026-02-04,87,2026-02-04T00:00:00.000+00:00,96,95,51,95,77,100,92,2935,5070,16350,6000,27420
a962c710-04d3-4ab8-85f2-76789ec3ae59,2026-02-05,81,2026-02-05T00:00:00.000+00:00,95,95,86,74,50,100,82,870,0,870,0,870
67bb2533-45c8-4c4e-817a-ffab1e86902d,2026-02-06,91,2026-02-06T00:00:00.000+00:00,95,99,94,97,88,100,84,1740,4290,14070,7320,25680
7d59d716-2e05-40f0-88be-27162287dcd6,2026-02-07,90,2026-02-07T00:00:00.000+00:00,95,97,97,95,87,100,81,2971,0,480,0,480
c626eb16-a950-4e6b-8e22-982e8c7594ac,2026-02-09,90,2026-02-09T00:00:00.000+00:00,98,95,78,99,80,100,90,3088,7110,11640,8370,27120
6fac9e7e-39bd-4cb2-83dc-8903802d6906,2026-02-10,89,2026-02-10T00:00:00.000+00:00,97,98,64,97,80,100,91,1974,5580,14700,6900,27180
daf81a93-8b69-40a9-85bb-edc16a2946d8,2026-02-11,79,2026-02-11T00:00:00.000+00:00,97,90,86,70,73,100,69,3077,5940,11820,4290,22050
bb179518-eb06-4553-b797-4b67086312ab,2026-02-12,76,2026-02-12T00:00:00.000+00:00,96,86,81,63,51,100,74,3682,5010,14400,3870,23280
9bae22a2-fe2f-4724-a86f-e5568b8fc31a,2026-02-13,89,2026-02-13T00:00:00.000+00:00,82,86,91,96,83,100,90,4344,3330,17430,6210,26970
06420aec-9c83-4e1e-a8ef-6d8bb0f30da9,2026-02-14,85,2026-02-14T00:00:00.000+00:00,95,93,86,96,63,100,81,3186,4260,14340,6240,24840
e3b38ec5-98bb-4bb2-b3b0-cbc31a4f070d,2026-02-15,96,2026-02-15T00:00:00.000+00:00,95,99,97,98,91,94,96,1800,4260,16500,7830,28590
3e4407c7-3dc6-4c20-81ae-6015cfb414eb,2026-02-16,94,2026-02-16T00:00:00.000+00:00,98,98,86,98,82,100,95,2015,6780,13860,7590,28230
de2276df-ab99-4b93-b6d2-4a02e920c95f,2026-02-17,93,2026-02-17T00:00:00.000+00:00,96,97,99,96,86,100,88,2217,4920,15390,6150,26460
016ac67a-0f21-4056-86a9-a67f716e9006,2026-02-18,89,2026-02-18T00:00:00.000+00:00,91,96,67,97,77,100,92,2661,3690,17040,6870,27600
b2cf881c-c4f1-4cb4-81ca-b7b2ffbcfdc7,2026-02-19,90,2026-02-19T00:00:00.000+00:00,95,88,83,97,63,100,95,2819,3480,16500,6810,26790
8342e63b-ecc8-489f-b6e2-bba49bf8ec21,2026-02-20,89,2026-02-20T00:00:00.000+00:00,96,96,67,97,80,100,90,2754,5070,14700,7200,26970
2d95acc2-f19a-4205-99e6-b37eddae7050,2026-02-21,93,2026-02-21T00:00:00.000+00:00,96,95,81,97,81,100,98,3322,5100,18570,6750,30420
cc5e20ac-aeb5-41ce-825f-e711f12299f5,2026-02-22,86,2026-02-22T00:00:00.000+00:00,70,99,75,93,66,100,92,1800,2880,18930,5670,27480
57a55fba-7889-42b0-b4be-fa0bf99af4a7,2026-02-23,85,2026-02-23T00:00:00.000+00:00,82,100,67,84,80,100,85,1141,0,720,0,720
d5c29333-5305-4043-96a3-32994b3f8f36,2026-03-02,81,2026-03-02T00:00:00.000+00:00,96,96,86,81,81,89,68,2195,4980,12060,4950,21990
b8dad073-ac77-40b9-9cc9-c5663ecc46e5,2026-03-03,85,2026-03-03T00:00:00.000+00:00,96,96,75,95,68,100,81,2354,4650,14280,6090,25020
d227e8f1-a7e3-4ec5-9142-c7c701e2ca08,2026-03-04,89,2026-03-04T00:00:00.000+00:00,67,86,99,88,83,97,92,3478,2640,18000,5400,26040
849bde39-2e52-4fed-8223-fdb71b7297ae,2026-03-05,86,2026-03-05T00:00:00.000+00:00,94,100,78,97,93,100,72,1262,3840,12120,6900,22860
91ae14cc-f2ad-4d5c-a242-9a5ba24d0460,2026-03-06,91,2026-03-06T00:00:00.000+00:00,96,99,75,97,84,100,90,1604,4500,15510,6930,26940
8c24e539-28cd-457d-8b82-a09500349b2c,2026-03-07,85,2026-03-07T00:00:00.000+00:00,95,79,24,94,77,96,97,1261,0,660,0,660
32db4941-d156-4f39-8c28-b7936d117146,2026-03-08,74,2026-03-08T00:00:00.000+00:00,97,81,70,77,68,94,62,3908,6090,9720,4710,20520
81c3cfe8-1842-468c-9c5f-c314f73fb17b,2026-03-09,88,2026-03-09T00:00:00.000+00:00,97,99,72,96,83,100,84,1750,6210,12720,6720,25650
